\i\dress\2017\001|_R7A0907.jpg|600|934
\i\dress\2017\001|_R7A0927.jpg|600|900
\i\dress\2017\001|_R7A0935.jpg|600|400
\i\dress\2017\001|_R7A0939.jpg|600|900
\i\dress\2017\001|_R7A0947.jpg|600|900
\i\dress\2017\001|_R7A0950.jpg|600|899
\i\dress\2017\001|_R7A0953.jpg|600|900
\i\dress\2017\002|_R7A0984.jpg|600|744
\i\dress\2017\002|_R7A0986.jpg|600|900
\i\dress\2017\002|_R7A0994.jpg|600|900
\i\dress\2017\002|_R7A0997.jpg|600|900
\i\dress\2017\003|_R7A1071.jpg|600|900
\i\dress\2017\003|_R7A1071_1.jpg|600|400
\i\dress\2017\003|_R7A1074.jpg|600|899
\i\dress\2017\003|_R7A1084.jpg|600|900
\i\dress\2017\003|_R7A1189.jpg|600|900
\i\dress\2017\003|_R7A1202.jpg|600|400
\i\dress\2017\003|_R7A1206.jpg|600|900
\i\dress\2017\004|_R7A1357.jpg|600|900
\i\dress\2017\004|_R7A1359.jpg|600|900
\i\dress\2017\004|_R7A1363.jpg|600|900
\i\dress\2017\004|_R7A1372.jpg|600|900
\i\dress\2017\004|_R7A1376.jpg|600|900
\i\dress\2017\005|_R7A1393.jpg|600|900
\i\dress\2017\005|_R7A1393_1.jpg|600|400
\i\dress\2017\005|_R7A1403.jpg|600|900
\i\dress\2017\005|_R7A1408.jpg|600|900
\i\dress\2017\005|_R7A1411.jpg|600|900
\i\dress\2017\005|_R7A1416.jpg|600|900
\i\dress\2017\005|_R7A1421.jpg|600|900
\i\dress\2017\005|_R7A1440.jpg|600|900
\i\dress\2017\005|_R7A1442.jpg|600|900
\i\dress\2017\005|_R7A1444.jpg|600|900
\i\dress\2017\006|_R7A1465.jpg|600|900
\i\dress\2017\006|_R7A1465_1.jpg|600|400
\i\dress\2017\006|_R7A1476.jpg|600|900
\i\dress\2017\007|_R7A1478.jpg|600|900
\i\dress\2017\007|_R7A1478_1.jpg|600|400
\i\dress\2017\007|_R7A1487-2.jpg|600|900
\i\dress\2017\007|_R7A1490-2.jpg|600|900
\i\dress\2017\007|_R7A1492-2.jpg|600|900
\i\dress\2017\008|_R7A1513.jpg|600|900
\i\dress\2017\008|_R7A1520.jpg|600|900
\i\dress\2017\008|_R7A1522.jpg|600|900
\i\dress\2017\008|_R7A1531.jpg|600|900
\i\dress\2017\008|_R7A1536.jpg|600|400
\i\dress\2017\008|_R7A1540.jpg|600|900
\i\dress\2017\008|_R7A1542.jpg|600|400
\i\dress\2017\009|_R7A1562.jpg|600|900
\i\dress\2017\009|_R7A1567.jpg|600|900
\i\dress\2017\009|_R7A1574.jpg|600|900
\i\dress\2017\009|_R7A1579.jpg|600|900
\i\dress\2017\009|_R7A1580.jpg|600|900
\i\dress\2017\009|_R7A1581.jpg|600|900
\i\dress\2017\009|_R7A1582.jpg|600|900
\i\dress\2017\010|_R7A1589.jpg|600|900
\i\dress\2017\010|_R7A1589_1.jpg|600|400
\i\dress\2017\010|_R7A1594.jpg|600|900
\i\dress\2017\010|_R7A1594_1.jpg|600|965
\i\dress\2017\010|_R7A1594_2.jpg|600|400
\i\dress\2017\010|_R7A1595.jpg|600|900
\i\dress\2017\010|_R7A1601.jpg|600|900
\i\dress\2018\001|_R7A1012.jpg|600|900
\i\dress\2018\001|_R7A1012_1.jpg|600|400
\i\dress\2018\001|_R7A1024.jpg|600|900
\i\dress\2018\001|_R7A1024_1.jpg|600|400
\i\dress\2018\001|_R7A1030.jpg|600|900
\i\dress\2018\001|_R7A1040.jpg|600|900
\i\dress\2018\001|_R7A1045.jpg|600|900
\i\dress\2018\001|_R7A1052.jpg|600|400
\i\dress\2018\001|_R7A1065.jpg|600|900
\i\dress\2018\001|_R7A5087.jpg|600|900
\i\dress\2018\001|_R7A5090.jpg|600|900
\i\dress\2018\002|_R7A1119.jpg|600|900
\i\dress\2018\002|_R7A1126.jpg|600|900
\i\dress\2018\002|_R7A1132.jpg|600|400
\i\dress\2018\002|_R7A1136.jpg|600|900
\i\dress\2018\002|_R7A1139.jpg|600|900
\i\dress\2018\002|_R7A1140.jpg|600|400
\i\dress\2018\002|_R7A1150.jpg|600|900
\i\dress\2018\002|_R7A1613.jpg|600|900
\i\dress\2018\002|_R7A1617.jpg|600|900
\i\dress\2018\002|_R7A1624.jpg|600|900
\i\dress\2018\002|_R7A1627.jpg|600|900
\i\dress\2018\002|_R7A1628.jpg|600|900
\i\dress\2018\002|_R7A1628_1.jpg|600|982
\i\dress\2018\002|_R7A1630.jpg|600|900
\i\dress\2018\002|_R7A1631.jpg|600|400
\i\dress\2018\002|_R7A1634.jpg|600|900
\i\dress\2018\003|_R7A5115.jpg|600|900
\i\dress\2018\003|_R7A5120.jpg|600|900
\i\dress\2018\003|_R7A5120_1.jpg|600|400
\i\dress\2018\003|_R7A5132.jpg|600|900
\i\dress\2018\003|_R7A5132_1.jpg|600|400
\i\dress\2018\004|_R7A5146.jpg|600|900
\i\dress\2018\004|_R7A5148.jpg|600|900
\i\dress\2018\004|_R7A5151.jpg|600|900
\i\dress\2018\004|_R7A5156.jpg|600|900
\i\dress\2018\004|_R7A5159.jpg|600|900
\i\dress\2018\005|_R7A5304.jpg|600|900
\i\dress\2018\005|_R7A5307-1.jpg|600|900
\i\dress\2018\005|_R7A5309.jpg|600|900
\i\dress\2018\005|_R7A5364.jpg|600|900
\i\dress\2018\006|_R7A5378.jpg|600|900
\i\dress\2018\006|_R7A5378_1.jpg|600|400
\i\dress\2018\006|_R7A5408.jpg|600|900
\i\dress\2018\006|_R7A5408_1.jpg|600|400
\i\dress\2018\006|_R7A5424.jpg|600|900
\i\dress\2018\006|_R7A5426.jpg|600|900
\i\dress\2018\006|_R7A5436.jpg|600|900
\i\dress\_design\001|_R7A0998.jpg|600|900
\i\dress\_design\001|_R7A0999.jpg|600|900
\i\dress\_design\001|_R7A1156.jpg|600|400
\i\dress\_design\001|_R7A1160.jpg|600|900
\i\dress\_design\001|_R7A1165.jpg|600|900
\i\dress\_design\001|_R7A1168.jpg|600|900
\i\dress\_design\001|_R7A1175.jpg|600|900
\i\dress\_design\001|_R7A1176.jpg|600|900
\i\dress\_design\001|_R7A1180.jpg|600|900
\i\dress\_design\001|_R7A1183.jpg|600|900
\i\dress\_design\001|_R7A1185.jpg|600|900
\i\dress\_design\001|_R7A1186.jpg|600|900
\i\dress\_other|_R7A0957.jpg|600|900
\i\dress\_other|_R7A0964.jpg|600|900
\i\dress\_other|_R7A1546.jpg|600|900
\i\dress\_other|_R7A1549.jpg|600|400
\i\dress\_other|_R7A1584.jpg|600|900
\i\dress\_other|_R7A1585.jpg|600|900
\i\dress\_other|_R7A5101.jpg|600|900
\i\dress\_other|_R7A5170.jpg|600|900
\i\dress\_other|_R7A5196.jpg|600|900
\i\dress\_other|_R7A5204.jpg|600|900
\i\dress\_other|_R7A5212.jpg|600|900
\i\dress\_other|_R7A5213.jpg|600|900
